{
    "_wandb": {
      "desc": null,
      "value": {
        "t": {
          "1": [
            1,
            5,
            41,
            53,
            55
          ],
          "2": [
            1,
            5,
            41,
            53,
            55
          ],
          "3": [
            13,
            16,
            23
          ],
          "4": "3.10.12",
          "5": "0.15.12",
          "8": [
            1,
            5,
            12
          ],
          "13": "linux-x86_64"
        },
        "framework": "torch",
        "start_time": 1698870690.550779,
        "cli_version": "0.15.12",
        "is_jupyter_run": true,
        "python_version": "3.10.12",
        "is_kaggle_kernel": false
      }
    },
    "epochs": {
      "desc": null,
      "value": 50
    },
    "momentum": {
      "desc": null,
      "value": 0.9
    },
    "batch_size": {
      "desc": null,
      "value": 32
    },
    "learning_rate": {
      "desc": null,
      "value": 0.02
    },
    "train_loss": 0.015819656389084412,
    "val_accuracy": 10.46,
    "train_accuracy": 84.18,
    "_step": 49,
    "_wandb.runtime": 1223,
    "_runtime": 1197.6523220539093,
    "val_loss": 0.07362293088436127,
    "_timestamp": 1698871888.2031012
}