{
    "_wandb": {
      "desc": null,
      "value": {
        "t": {
          "1": [
            1,
            5,
            41,
            53,
            55
          ],
          "2": [
            1,
            5,
            41,
            53,
            55
          ],
          "3": [
            13,
            16,
            23
          ],
          "4": "3.10.12",
          "5": "0.15.12",
          "8": [
            1,
            5,
            12
          ],
          "13": "linux-x86_64"
        },
        "framework": "torch",
        "start_time": 1698789364.732634,
        "cli_version": "0.15.12",
        "is_jupyter_run": true,
        "python_version": "3.10.12",
        "is_kaggle_kernel": false
      }
    },
    "epochs": {
      "desc": null,
      "value": 50
    },
    "momentum": {
      "desc": null,
      "value": 0.9
    },
    "batch_size": {
      "desc": null,
      "value": 32
    },
    "learning_rate": {
      "desc": null,
      "value": 0.02
    },
    "_wandb.runtime": 1107,
    "_runtime": 1097.0278832912445,
    "val_loss": 0.05678115040659904,
    "_timestamp": 1698790461.7605174,
    "train_loss": 0.02229622110761702,
    "val_accuracy": 53.27,
    "train_accuracy": 78.0325,
    "_step": 49
}