{
    "_wandb": {
      "desc": null,
      "value": {
        "t": {
          "1": [
            1,
            5,
            41,
            53,
            55
          ],
          "2": [
            1,
            5,
            41,
            53,
            55
          ],
          "3": [
            13,
            16,
            23
          ],
          "4": "3.10.12",
          "5": "0.15.12",
          "8": [
            1,
            5,
            12
          ],
          "13": "linux-x86_64"
        },
        "framework": "torch",
        "start_time": 1698792531.669578,
        "cli_version": "0.15.12",
        "is_jupyter_run": true,
        "python_version": "3.10.12",
        "is_kaggle_kernel": false
      }
    },
    "epochs": {
      "desc": null,
      "value": 50
    },
    "momentum": {
      "desc": null,
      "value": 0.9
    },
    "batch_size": {
      "desc": null,
      "value": 32
    },
    "learning_rate": {
      "desc": null,
      "value": 0.02
    },
    "_timestamp": 1698793479.3588426,
    "train_loss": 0.03183025102484971,
    "val_accuracy": 33.23,
    "train_accuracy": 68.135,
    "_step": 49,
    "_wandb.runtime": 952,
    "_runtime": 947.689264535904,
    "val_loss": 0.061614127051830295
}